"0195S0.KS", "TIGER SK하이닉스단일종목레버리지"
"0193T0.KS", "KODEX SK하이닉스단일종목레버리지"
"0193W0.KS", "KODEX 삼성전자 단일종목레버리지"
"0197X0.KS", "SOL SK하이닉스선물단일종목인버스2X"
"005930.KS", "삼성전자"
"000660.KS", "SK하이닉스"
"005380.KS", "현대차"
"476550.KS", "TIGER 미국30년국채커버드콜액티브(H)"
"489030.KS", "PLUS 고배당주위클리커버드콜"
"0132K0.KS", "PLUS 테슬라위클리커버드콜채권혼합"
"0190G0.KS", "KODEX 반도체타켓위클리커버드콜"
"0199C0.KS", "ACE 고배당주Plus커버드콜액티브"
"0204D0.KS", "KODEX 현대차로보틱스밸류체인TOP3플러스"
"494300.KS", "KODEX 미국나스닥100데일리커버드콜OTM"
"0167B0.KS", "SOL 200타켓위클리커버드콜"
"220200.KS", "KODEX 코스닥150"
"0131V0.KS", "1Q 미국우주항공테크"